frame,id,wx,wy,wz
6500,0,1635.55,-2910.79,4308.54,
6500,1,54.5017,-2899.3,3814.49,
6500,2,-633.364,-2386.49,2400.54,
6500,3,1741.1,-2474.98,2821.9,
6500,4,-221.259,-2045.26,1151.56,
6501,0,74.3791,-2894.3,3823.91,
6501,1,1718.25,-2316.97,2831.94,
6501,2,-676.816,-2375.79,2459.73,
6501,3,-146.773,-2148.6,1169.88,
6502,0,82.6743,-3181.59,3535.88,
6502,1,1736.54,-2613.54,2786.86,
6502,2,1694.38,-3541.25,4494.65,
6502,3,-761.147,-2282.79,2333.64,
6502,4,-195.023,-2034.06,1170.57,
6503,0,89.9638,-2913.45,3677.32,
6503,1,-1347.36,-3322.01,3935.25,
6503,2,-699.298,-2247.21,2319.8,
6503,3,1678.14,-2518.73,2767.11,
6503,4,-196.567,-1995.47,1185.8,
6504,0,1713.65,-2807.09,4181.43,
6504,1,145.719,-2987.53,3694.24,
6504,2,1571.57,-2435.05,2861.92,
6504,3,1843.66,-3431.44,4562.56,
6504,4,-672.484,-2373.64,2724.09,
6504,5,-731.006,-2390.05,2466.36,
6504,6,-190.274,-2027.82,1197.07,
6505,0,201.92,-2878.31,3680.13,
6505,1,1619.79,-2575.2,2979.24,
6505,2,-711.8,-2342.62,2299.58,
6505,3,-174.041,-2026.14,1203.97,
6506,0,263.66,-2837.62,3509.48,
6506,1,1427.32,-2181.45,2632.95,
6506,2,1567.47,-2223.63,2837.75,
6506,3,-810.221,-2316.25,2411.18,
6506,4,-82.8776,-2166.97,1283.79,
6507,0,381.594,-2792.26,3636.17,
6507,1,1549.36,-2404.57,2879.5,
6507,2,-831.052,-2329.75,2334.51,
6507,3,-221.993,-2070.39,1065.34,
6508,0,1952.48,-3288.33,4651.86,
6508,1,326.576,-2780.33,3640.05,
6508,2,1506.57,-2194.3,2858.71,
6508,3,-810.805,-2277.68,2296.8,
6508,4,-83.8065,-2057.26,1272.5,
6509,0,409.433,-2842.37,3618.09,
6509,1,1492.43,-2482.2,2679.04,
6509,2,-932.304,-2365.82,2341.53,
6509,3,-219.303,-1946.35,1108.83,
6510,0,372.716,-2471.2,3299.58,
6510,1,342.641,-2885.89,3737.26,
6510,2,1380.61,-2501.51,2865.26,
6510,3,-984.617,-2309.51,2390.27,
6510,4,1390.89,-2532.29,2499.22,
6510,5,-12.3093,-2044.07,1231.5,
6511,0,391.096,-3032.3,3713.33,
6511,1,1361.57,-2412.89,2732.42,
6511,2,-952.362,-2317.26,2331.57,
6511,3,-67.9638,-1988.97,1147.95,
6512,0,556.294,-2971.8,3743.27,
6512,1,1331.02,-2627.6,2882.73,
6512,2,-971.011,-2213.84,2237.32,
6512,3,-134.151,-2089.21,1141.76,
6513,0,536.184,-2936.32,3693.22,
6513,1,1248.09,-2490.73,2805.88,
6513,2,1312.47,-2557.95,2688.46,
6513,3,-1054.86,-2383.13,2264.11,
6513,4,-100.124,-2158.19,1161.97,
6514,0,604.621,-3015.19,3561.39,
6514,1,1207.77,-2431.66,2782.96,
6514,2,1282.67,-2392.53,2645.12,
6514,3,-1078.99,-2460.97,2243.21,
6514,4,-152.465,-2095.18,1131.47,
6515,0,682.538,-3002.43,3822.53,
6515,1,1291.53,-2430.05,2697.28,
6515,2,-1211.3,-2435.85,2203.41,
6515,3,-43.3868,-2035.42,1099.9,
6516,0,647.98,-2727.33,3604.35,
6516,1,1238.8,-2327.99,2672.58,
6516,2,-1059.27,-2273.8,2114.34,
6516,3,-56.1766,-2141.29,1134.28,
6517,0,725.516,-2845.11,3694.62,
6517,1,1157.26,-2696.8,2587.05,
6517,2,-1290.28,-2446.74,2279.17,
6517,3,-1171.93,-2482.64,2052.53,
6517,4,-172.562,-2038.14,1023.82,
6518,0,739.345,-2735.49,3638.81,
6518,1,1095.7,-2468.38,2730.96,
6518,2,-1308.54,-2165.89,2318.8,
6518,3,-101.76,-2100.17,1060.01,
6519,0,830.467,-2863.55,3872.85,
6519,1,1035.18,-2454.67,2710.46,
6519,2,-93.1994,-2197.3,1088.48,
6520,0,885.544,-2755.69,3813.53,
6520,1,1000.59,-2644.58,2658.06,
6520,2,-1372.61,-2174.94,2230.98,
6520,3,-136.261,-1988.91,987.095,
6521,0,948.602,-2494.35,3962.97,
6521,1,767.263,-2709.42,3644.46,
6521,2,1012.39,-2568.31,2634.19,
6521,3,-142.191,-2070.21,984.001,
6522,0,938.409,-2743.45,3843.75,
6522,1,843.656,-2834.58,2474.58,
6522,2,-249.178,-1942.37,934.271,
6523,0,960.273,-2482.87,3768.69,
6523,1,853.626,-2968.41,2475.26,
6523,2,-168.832,-2023.39,969.135,
6524,0,867.672,-2583.66,2480.16,
6524,1,-124.752,-2172.32,1018.99,
6526,0,1227.39,-2460.31,3801.48,
6526,1,751.252,-2491.01,2591.5,
6526,2,-300.883,-1975.13,941.247,
6527,0,1420.71,-2735.73,4091.92,
6527,1,1240.88,-2583.08,3636.66,
6527,2,730.055,-2570.47,2531.63,
6528,0,1378.59,-2865.29,3712.37,
6528,1,-171.277,-2692.55,4522,
6528,2,698.309,-2714.74,2505.93,
6529,0,1381.83,-2808.41,3620.17,
6529,1,672.184,-2798.95,2571.11,
6530,0,1372.88,-2614.86,3657.7,
6530,1,638.086,-2798.5,2474.85,
6531,0,1466.91,-2911.71,3713.34,
6531,1,616.621,-3059.01,2487.65,
6532,0,1413.64,-2706.41,3834.69,
6532,1,532.244,-2800.95,2624.25,
6533,0,1527.74,-2802.6,3867.11,
6533,1,548.702,-2762.12,2461.49,
6534,0,1583.68,-2817.01,3725.52,
6534,1,567.521,-2740.99,2370.23,
6535,0,1574.48,-2706.97,3709.87,
6535,1,425.614,-2822.2,2444.95,
6536,0,1686.86,-2913.24,3652.41,
6536,1,358.241,-2799.04,2387.2,
6537,0,1890.53,-2861.74,4007.21,
6537,1,1617.78,-3015.43,3657.82,
6537,2,279.834,-2712.47,2474.92,
6538,0,1733.05,-2979.14,3712.82,
6538,1,251.017,-2901.43,2470.55,
6539,0,1680.34,-2924.07,3770.95,
6539,1,296.647,-2810.55,2436.11,
6540,0,1735.49,-2332.55,3554.51,
6540,1,217.048,-2736.67,2496.42,
6541,0,1865.97,-2784.06,3832.18,
6541,1,240.208,-3019.77,2470.84,
6542,0,1934.31,-3030.99,3815.51,
6542,1,1739.97,-3085.35,3777.08,
6542,2,225.714,-2897.39,2409.55,
6543,0,1922.72,-2737.34,3804.75,
6543,1,112.622,-2829.26,2547.18,
6544,0,1753.75,-2866.05,3775.6,
6544,1,124.559,-3080.26,2522,
6545,0,23.7362,-2647.98,2461.29,
6546,0,-2.11475,-2466.2,2437.26,
6547,0,1940.11,-2777.14,3809.17,
6547,1,-38.4096,-2734.02,2382.45,
6548,0,-121.053,-2814.88,2530.67,
6549,0,-81.1052,-2609.19,2423.9,
6549,1,-236.608,-3200.32,2023.55,
6550,0,-780.609,-2960.81,4215.72,
6550,1,-90.4947,-2893.4,2354.49,
6551,0,-189.133,-2847.48,2381.51,
6552,0,-168.212,-3197.63,2462.77,
6553,0,-115.322,-3000.11,2414.55,
6554,0,-282.875,-3149.17,2381.49,
6555,0,2372.97,-2964.62,4079.03,
6555,1,-477.938,-3025.93,4322.12,
6555,2,-401.435,-2667.68,2248.14,
6556,0,-419.988,-2456.63,2388.09,
6557,0,-491.919,-2383.13,2429.68,
6558,0,-478.778,-2657.81,2356.68,
6559,0,-476.349,-2570.01,2316.97,
6560,0,-539.007,-2699.24,2334.46,
6561,0,-544.895,-2740.5,2215.17,
6561,1,1381.1,-2402.71,1648.04,
6562,0,-544.134,-2576.29,2264.35,
6562,1,1382.86,-2473.55,1756.21,
6563,0,-643.336,-2572.49,2236.22,
6563,1,1349.82,-2444.87,1677.74,
6564,0,-634.774,-2545.83,2185.23,
6564,1,1310.67,-2519.69,1677.8,
6565,0,-761.807,-2708.73,2250.55,
6565,1,1280.7,-2434.23,1607.32,
6566,0,-631.482,-2906.8,2256.62,
6566,1,-651.365,-2937.78,2150.84,
6566,2,1271.24,-2356.36,1587.67,
6567,0,-12.5209,-3034.3,4544.58,
6567,1,-775.272,-2788.24,2198.79,
6567,2,1254.97,-2472.71,1582.13,
6568,0,100.026,-2898.2,4387.08,
6568,1,-942.596,-2637.47,2281.66,
6568,2,1188.17,-2429.19,1724.5,
6569,0,130.096,-2962.41,4491.2,
6569,1,-803.902,-2717.73,2178.62,
6569,2,1117.36,-2474.87,1706.5,
6570,0,112.609,-2984,4481.77,
6570,1,-885.614,-2869.44,2235.45,
6570,2,1109.3,-2445.12,1658.23,
6571,0,-1652.36,-2618.38,2894.14,
6571,1,-843.276,-2789.25,2163.68,
6571,2,1089.58,-2442.95,1676,
6572,0,181.159,-2812,4432.28,
6572,1,-999.428,-2500.15,2368.61,
6572,2,1107.74,-2376.5,1644.38,
6573,0,-1035.78,-2234.12,2316.58,
6573,1,1024.99,-2356.11,1703.04,
6574,0,-1122.86,-2410.49,2346.27,
6574,1,1067.57,-2414.38,1614.68,
6575,0,-1107.28,-2558.17,2326.5,
6575,1,1071.12,-2589.65,1658.38,
6576,0,-1076.07,-2680.55,2487.53,
6576,1,964.473,-2454.1,1610.35,
6577,0,-1109.38,-2523.23,2179.99,
6577,1,891.381,-2581.03,1702.02,
6578,0,-1159.7,-2601.49,2174.57,
6578,1,872.15,-2600.68,1654.91,
6579,0,-1231.69,-2735.7,2268.07,
6579,1,901.765,-2442.92,1585.32,
6580,0,-1322.27,-2766.71,2477.1,
6580,1,937.157,-2691.31,1654.63,
6581,0,-1325.62,-2778.94,2312.25,
6581,1,860.422,-2677.58,1745.13,
6582,0,-1278.8,-2479.63,2240.61,
6582,1,-1295.23,-2863.49,2948.46,
6582,2,736.546,-2354.56,1734.29,
6583,0,-1210.78,-2756.75,2973.04,
6583,1,-1376.52,-2496.9,2326,
6583,2,777.524,-2399.69,1584.56,
6584,0,-1371.04,-2515.47,2763.46,
6584,1,-1284.93,-2611.09,3095.66,
6584,2,-1240.88,-2336.66,2064.98,
6584,3,754.87,-2438.27,1627.67,
6585,0,741.674,-2944.08,4935.8,
6585,1,-1378.29,-2636.19,2742.77,
6585,2,-1478.59,-2486.98,2382.92,
6585,3,673.114,-2397.54,1647.58,
6586,0,-1265.56,-2813.44,2917.75,
6586,1,-1356.84,-2739.2,2227.71,
6586,2,631.814,-2170.57,1764.68,
6587,0,-1236.18,-2747.98,2975.04,
6587,1,703.553,-2446.63,1612.87,
6587,2,-1369.67,-3071.72,2213.59,
6588,0,-1157.62,-3007.16,2859.38,
6588,1,630.345,-2232.6,1728.46,
6589,0,-1080.13,-2802.46,2852.31,
6589,1,-1182.81,-3066.56,3233.77,
6589,2,747.441,-2290.09,1762.67,
6590,0,-1131.02,-2660.46,2915.01,
6590,1,575.489,-2248.6,1751.12,
6591,0,-1027.04,-3125.48,3076.14,
6591,1,565.214,-2271.52,1768.09,
6592,0,-1042.44,-2797.57,3036.26,
6592,1,697.47,-2365.02,1915.93,
6593,0,-949.207,-2716.8,3053.03,
6593,1,-912.67,-2787.33,2831.76,
6593,2,613.047,-2694.34,1794.88,
6594,0,-1170.23,-2700.13,2971.54,
6594,1,628.277,-2904.67,1810.44,
6594,2,-1100.47,-2179.5,1582.47,
6595,0,-832.827,-3167.54,3351.03,
6595,1,-897.811,-2734.43,3007.84,
6595,2,428.435,-2412.51,1779.9,
6595,3,-1037.56,-1998.84,1506.32,
6596,0,-771.845,-2947.37,3110.36,
6596,1,471.798,-2507.64,1909.8,
6596,2,-1002.17,-2044.01,1515.55,
6597,0,-705.122,-3081.42,3118.8,
6597,1,535.208,-2418.93,1879.4,
6598,0,-886.951,-3116.58,3073.94,
6598,1,519.413,-2488.63,1951.3,
6598,2,-915.107,-1833.03,1525.81,
6599,0,-757.625,-2859.97,3164.69,
6599,1,540.835,-2939.65,1901.74,
6600,0,-734.444,-2976.28,3149.9,
6600,1,495.527,-2768.48,1913.47,
6600,2,-844.183,-1940.6,1519.54,
6601,0,-639.357,-2812.31,3184.94,
6601,1,397.122,-2574.97,1974.73,
6601,2,-801.951,-1966.64,1513.22,
6602,0,291.733,-2740.03,1944.2,
6602,1,-765.654,-1851.11,1538.65,
6603,0,-656.726,-2663.92,3125.21,
6603,1,317.881,-2858.38,1903.14,
6603,2,-711.649,-1966.07,1538.78,
6604,0,-666.989,-2870.22,3235.68,
6604,1,253.692,-2732.76,1971.62,
6604,2,-681.756,-1982.75,1577.03,
6605,0,-650.484,-2905.7,3108.85,
6605,1,230.261,-2328.47,2038.53,
6606,0,-573.467,-2897.2,3295.83,
6606,1,292.019,-2367.36,2048.4,
6606,2,-557.413,-2163.96,1629.89,
6607,0,-528.49,-2886.32,3266.41,
6607,1,222.862,-2427.75,2060.99,
6607,2,-594.383,-1981.65,1546.06,
6608,0,-517.161,-2750.73,3118.38,
6608,1,307.307,-2460.1,2055.9,
6608,2,-521.749,-2079.44,1609.88,
6609,0,-459.425,-2849.06,3420.2,
6609,1,-528.572,-2799.2,3099.24,
6609,2,240.139,-2741.01,2039.39,
6609,3,-527.135,-1869.64,1550.79,
6610,0,-531.846,-2844.43,3140.69,
6610,1,187.996,-2725.49,2017.5,
6610,2,-460.721,-1815.84,1562.05,
6611,0,-428.996,-2760.54,3226.14,
6611,1,148.769,-2699.55,2046.37,
6611,2,-323.889,-2115.08,1686.49,
6612,0,-450.344,-2846.02,3325.18,
6612,1,102.369,-2649.95,2082.71,
6612,2,-467.265,-1927.04,1475.63,
6613,0,-420.243,-2905.44,3288.6,
6613,1,92.5664,-2772.11,2073.64,
6614,0,-310.823,-2526.62,3289.45,
6614,1,-54.5127,-2654.04,1981.24,
6614,2,-368.511,-1918.9,1597.73,
6615,0,-409.469,-2769.48,3020.33,
6615,1,-28.8931,-2853.17,2099.81,
6615,2,-242.087,-2280.37,1751.08,
6616,0,31.4201,-2678,2079.95,
6617,0,-375.186,-2570.54,3154.08,
6617,1,-27.3459,-2949.71,2195.18,
6617,2,-265.529,-1764.67,1596.13,
6618,0,-273.141,-2640.1,3229.47,
6618,1,-125.833,-2411.73,1973.32,
6619,0,-122.829,-2554.74,3138.63,
6619,1,-31.5811,-2295.89,2105.56,
6620,0,-63.8594,-2723.58,3170.14,
6620,1,-27.9815,-2338.53,2059.51,
6620,2,-86.8178,-2257.79,1837.09,
6621,0,-117.013,-2658.05,3306.51,
6621,1,81.7881,-3233.1,3631.86,
6622,0,-29.2574,-2788.38,3332.82,
6622,1,-41.4671,-2101.83,1713.65,
6623,0,8.01191,-2929.23,3324.67,
6623,1,-359.459,-2353.57,2054.72,
6624,0,40.2679,-2626.85,3463.66,
6624,1,-339.949,-2272.24,2072.61,
6625,0,56.4067,-2588.45,3486.03,
6625,1,-351.849,-2374.56,2085.11,
6625,2,-1323.66,-2693.68,1820.19,
6626,0,104.844,-2713.33,3412.05,
6626,1,-323.473,-2528.25,2133.32,
6626,2,-129.195,-2340.31,1898.93,
6627,0,127.443,-2742.35,3462.97,
6627,1,1492.74,-2389.18,2583.99,
6627,2,-374.364,-2647.96,2182.04,
6627,3,159.258,-2239.76,1500.55,
6628,0,11.9469,-2692.07,3351.75,
6628,1,1509.87,-2344.45,2462.68,
6628,2,-393.443,-2604.93,2140.8,
6628,3,-52.6953,-2176.58,1855.45,
6628,4,-1305.65,-2677.99,2001.8,
6629,0,149.096,-2794.91,3387.19,
6629,1,1520.07,-2366.69,2493.63,
6629,2,-326.961,-2777.14,2256.84,
6629,3,120.348,-1806.18,1745.2,
6629,4,-1179.44,-2455.09,1841.46,
6630,0,46.6821,-2827.11,3340.19,
6630,1,1471.92,-2306.21,2425.15,
6630,2,-371.814,-2734.08,2164.47,
6630,3,85.3404,-2247.54,1764.61,
6630,4,-1159.63,-2399.76,1811.77,
6630,5,-1213.97,-2510.79,2116.84,
6631,0,107.333,-2695.36,3308.2,
6631,1,1371.5,-2233.53,2483.05,
6631,2,-307.125,-2989.7,2135.92,
6631,3,78.5961,-2291.8,1831.79,
6631,4,-1199.56,-2329.9,1784.24,
6632,0,133.584,-2967.13,3452.69,
6632,1,1395.12,-2427.57,2460.81,
6632,2,-393.316,-2757.34,2277.64,
6632,3,303.92,-2355.91,1588.16,
6632,4,-1128.2,-2363.04,1875.03,
6633,0,87.2944,-3130.17,3491.44,
6633,1,1402.49,-2539.87,2438.98,
6633,2,-443.836,-2946.13,2276.18,
6633,3,253.3,-1881.59,1682.65,
6633,4,-1150.19,-2373.96,1881.84,
6634,0,132.099,-3098.41,3548.76,
6634,1,1380.23,-2468.52,2564.56,
6634,2,-489.218,-2685.83,2253.72,
6634,3,300.586,-1881.8,1648.05,
6634,4,-1079.81,-2449.58,1771.69,
6635,0,309.683,-2804.19,3416.02,
6635,1,1317.66,-2350.74,2484.41,
6635,2,-529.196,-2780.88,2359.43,
6635,3,-1046.89,-2476.73,1826.2,
6636,0,190.284,-3117.75,3408.41,
6636,1,1283.24,-2463.64,2485.2,
6636,2,-569.818,-2605.48,2372.73,
6637,0,240.662,-3029.72,3380.96,
6637,1,1264.75,-2352.26,2566.63,
6637,2,-599.003,-2566.34,2374.42,
6637,3,-966.607,-2292.9,1821.59,
6638,0,276.303,-3326.83,3516.51,
6638,1,1232.41,-2390.12,2480.12,
6638,2,-653.14,-2583.43,2601.83,
6638,3,-904.064,-2271.23,1832.19,
6639,0,392.788,-3055.6,3435.02,
6639,1,1121.61,-2351.59,2469.61,
6639,2,-692.863,-2628.31,2457.22,
6639,3,-890.038,-2238.45,1856.95,
6640,0,503.374,-2887.41,3462.97,
6640,1,1158.6,-2424.43,2481.09,
6640,2,-673.051,-2546.99,2426.39,
6640,3,-904.843,-2127.34,1767.81,
6641,0,551.391,-2848.63,3217.78,
6641,1,1205.48,-2378.47,2555.95,
6641,2,-698.708,-2381.02,2268.17,
6641,3,-878.422,-2238.73,1805.02,
6642,0,534.582,-2950.58,3323.09,
6642,1,941.393,-2381.63,2619.43,
6642,2,-701.933,-2346.11,1849.61,
6642,3,-733.922,-2383.81,2446.37,
6643,0,497.391,-2919.55,3345.87,
6643,1,1076.6,-2364.51,2466.57,
6643,2,-732.504,-2544.63,2554.61,
6643,3,-695.742,-2575.27,1941.9,
6644,0,686.421,-2419.7,2981.81,
6644,1,-695.924,-2429.17,1766.39,
6645,0,590.255,-2549.92,3347.66,
6645,1,962.167,-2286.21,2645.91,
6645,2,-666.917,-2291.42,1882.35,
6646,0,532.285,-2786.64,3311.57,
6646,1,919.808,-2253.38,2755.44,
6646,2,-663.535,-2215.13,1857.78,
6647,0,636.028,-2890.77,3350.7,
6647,1,772.809,-2291.3,2691.92,
6647,2,-1032.47,-2577.65,2489.42,
6647,3,-607.284,-2421.36,1917.39,
6648,0,591.507,-2813.66,3325.17,
6648,1,758.326,-2321.04,2688.81,
6648,2,-1007.85,-2399.69,2424.12,
6648,3,-533.645,-2229.99,1920.2,
6649,0,708.86,-2650.42,3175.98,
6649,1,762.452,-2313.27,2661.36,
6649,2,-1032.33,-2501.73,2563.03,
6649,3,-478.498,-2501.19,1818.35,
6650,0,638.522,-2152.42,2650.25,
6650,1,-1032.62,-2377.8,2571.48,
6650,2,-458.786,-2393.12,1852.02,
6651,0,606.605,-2809.97,3095.64,
6651,1,-1059.58,-2446.6,2603.79,
6651,2,-460.639,-2430.09,1923.91,
6652,0,645.543,-2566.27,2730.54,
6652,1,-1128.94,-2477.84,2479.86,
6652,2,-428.36,-2762.26,1813.68,
6653,0,640.083,-2286.1,2616.36,
6653,1,-1148.06,-2613.15,2606.69,
6653,2,-1134.13,-2508.46,2479.82,
6653,3,-342.66,-2461.74,1931.91,
6654,0,646.912,-2426.97,2620.44,
6654,1,-1169.52,-2462.06,2380.88,
6654,2,-344.624,-2307.92,1916.41,
6655,0,749.36,-2472.69,2780.17,
6655,1,-1247.64,-2603.31,2631.86,
6655,2,-1222.56,-2501.6,2488.33,
6655,3,-224.525,-2467.86,1918.98,
6656,0,1096.95,-2921.3,3362.04,
6656,1,579.334,-2422.71,2610.88,
6656,2,-1230.61,-2491.14,2727.62,
6656,3,-213.151,-2594.77,1755.38,
6657,0,1080.34,-2578.43,3447.73,
6657,1,646.66,-2486.02,2720.41,
6657,2,-1242.31,-2625.53,2683.11,
6657,3,-1223.21,-2450.87,2451.34,
6657,4,-139.545,-2647.37,1817.15,
6658,0,1054.65,-2687.67,3281.44,
6658,1,360.082,-2516.41,2604.68,
6658,2,-1303.59,-2387.86,2497.43,
6658,3,-106.742,-2373.55,2002.18,
6659,0,1149.53,-2872.09,3377.77,
6659,1,494.529,-2429.01,2720.56,
6659,2,-1477.73,-2447.6,2545.65,
6659,3,-94.2592,-2500.01,1878.63,
6660,0,1257.2,-2745.91,3501.19,
6660,1,379.565,-2186.14,2801.32,
6660,2,-1384.2,-2438.16,2509.89,
6660,3,-32.4263,-2648.12,1891.4,
6661,0,1068.43,-2766.98,3307.46,
6661,1,564.407,-2491.99,2915.64,
6661,2,-1446.1,-2369.7,2443.69,
6661,3,-17.4557,-2534.66,1950.9,
6662,0,1143.86,-2895.22,3389.94,
6662,1,17.8416,-2613.25,2017.24,
6662,2,491.488,-2569.01,2796.64,
6662,3,-1405.41,-2196.8,2514.57,
6663,0,1002.21,-2513.37,3092.69,
6663,1,355.417,-2324.03,2730.15,
6663,2,115.55,-2751.93,1936.89,
6664,0,1194.38,-2772.5,3228.85,
6664,1,240.675,-2116.85,2671.04,
6664,2,-1435.03,-2880.54,2700.25,
6664,3,17.7213,-2846.81,1998.95,
6665,0,1223.87,-2680.18,3289.64,
6665,1,316.652,-2308.42,2841.25,
6665,2,96.869,-2742.89,1876.36,
6666,0,1274.42,-2810.56,3368.18,
6666,1,33.9682,-2742.62,2014.51,
6666,2,394.177,-2419.03,2942.53,
6667,0,1338.59,-2931.21,3389.79,
6667,1,-30.6251,-2808.64,2063.39,
6667,2,413.397,-2472.94,2896.56,
6668,0,52.8864,-2518.57,2735.08,
6668,1,1315.42,-2876.39,3467.2,
6668,2,232.696,-2730.84,1997.49,
6668,3,194.598,-2672.43,2800.77,
6669,0,1312.39,-2916.13,3279.58,
6669,1,58.6956,-2289,2626.69,
6669,2,237.732,-2582.68,2007.99,
6670,0,97.2946,-2472.93,2763.31,
6670,1,334.075,-2505.72,1998.07,
6671,0,33.0436,-2497.15,2848.01,
6671,1,373.454,-2495.68,1975.77,
6672,0,10.7691,-2908.65,2662.98,
6672,1,120.243,-2885.27,2622.53,
6672,2,1447.48,-3042.5,3386.44,
6672,3,348.244,-2670.36,2028.86,
6673,0,23.8391,-2555.59,2821.06,
6673,1,374.068,-2517.35,2200.7,
6674,0,1454.88,-2699.28,3289.02,
6674,1,-46.4876,-2541.43,2729.53,
6674,2,433.708,-2505.27,2101.95,
6674,3,95.786,-2605.94,2737.1,
6675,0,-184.335,-2531.32,2722.26,
6675,1,-48.8798,-2644.11,2734.64,
6675,2,541.51,-2458.88,2024.52,
6676,0,-204.711,-2448.8,2745.54,
6676,1,-66.0268,-2571.55,2772.75,
6676,2,516.541,-2646.11,2013.17,
6677,0,1714.02,-2599.59,3310.17,
6677,1,-53.6536,-2590.8,3003.16,
6677,2,595.676,-2575.87,2026.24,
6678,0,1652.21,-2684.64,3225.34,
6678,1,-183.114,-2552.01,2851.73,
6678,2,544.787,-2466.49,2169.88,
6679,0,-229.592,-2642.75,2882.59,
6679,1,1713.68,-2807.1,3338.42,
6679,2,572.005,-2569.45,2060.17,
6680,0,1775.82,-2798.39,3315.22,
6680,1,-260.699,-2571.56,2904.81,
6680,2,639.63,-2678.1,1981.78,
6681,0,-288.544,-2371.89,2939.86,
6681,1,688.792,-2523.49,2098.44,
6682,0,-346.529,-2429.08,2950.9,
6682,1,1950.71,-2900.14,3416.75,
6682,2,1942.78,-2880.07,3214.28,
6682,3,668.376,-2529.41,2222.98,
6683,0,-303.627,-2431.11,2986.03,
6683,1,655.995,-2435.46,2237.42,
6684,0,-459.731,-2345.21,2767.18,
6684,1,-204.109,-2653.72,3261.65,
6684,2,786.715,-2507.38,2097.36,
6685,0,-419.699,-2502.76,2885.86,
6685,1,-258.866,-2743.02,3323.05,
6685,2,819.314,-2437.72,2339.79,
6686,0,-382.603,-2555.04,2903.27,
6686,1,-314.504,-2619.86,3120.92,
6686,2,846.289,-2709.39,2094.29,
6687,0,-446.819,-2513.19,3212.98,
6687,1,-574.621,-2376.46,2793.23,
6687,2,928.387,-2425.76,2245.74,
6688,0,-581.853,-2441.11,2747.29,
6688,1,-347.759,-2737.74,3331.24,
6688,2,923.916,-2409.82,2242.61,
6689,0,-595.371,-2564.25,3098.28,
6689,1,958.404,-2258.56,2399.19,
6690,0,-662.239,-2616.42,2851.93,
6690,1,-473.159,-2939.77,3553.65,
6690,2,1015.8,-2389.35,2352.66,
6691,0,-633.618,-2453.47,3084.02,
6691,1,1101.27,-2685.76,2348.59,
6692,0,-558.832,-2448.03,3052.08,
6692,1,1143.32,-2581.63,2286.81,
6693,0,-578.058,-2672.29,3291.64,
6693,1,1147.87,-2569.21,2258.65,
6693,2,-627.022,-2617.1,2844.07,
6694,0,-724.58,-2596.82,2891.69,
6694,1,1188.75,-2518.33,2359.54,
6694,2,-749.159,-2402.18,2642.76,
6695,0,-739.212,-2544.35,2723.61,
6695,1,1247.13,-2639.49,2379.92,
6696,0,-757.353,-2600.41,3109.77,
6696,1,1203.87,-2301.29,2563.26,
6697,0,-771.06,-2637.18,3976.17,
6697,1,-778.604,-2365.17,2912.43,
6697,2,1267.08,-2356.96,2504.59,
6698,0,-798.849,-2558.3,2993.13,
6698,1,1305.03,-2495.19,2468.08,
6699,0,1268.55,-2788.2,2419.9,
6699,1,-819.424,-2549.33,2965.81,
6700,0,-878.714,-2531.94,2984.23,
6700,1,1301.32,-2567.28,2398.16,
6701,0,-599.143,-2546.37,4057.29,
6701,1,-936.448,-2335.16,2739,
6701,2,1405.85,-2548.7,2425.68,
6702,0,-1008.58,-2385.45,2928.69,
6702,1,1401.07,-2643.43,2487.55,
6703,0,-553.27,-2795.68,4352.6,
6703,1,-958.588,-2539.15,2927.28,
6703,2,1413.12,-2495.93,2423,
6703,3,-964.769,-2411.4,2587.58,
6704,0,-423.244,-2777.88,4521.25,
6704,1,-1055.85,-2412.35,3038.91,
6704,2,1523.66,-2492.92,2592.06,
6705,0,-1098.77,-2459.9,2880.13,
6705,1,1444.01,-2694.2,2462.31,
6706,0,1583.56,-2652.75,2604.15,
6706,1,-1082.76,-2644.41,2933.08,
6706,2,-1000.27,-2901.64,3259.09,
6709,0,-125.725,-2726.41,4448.18,
6710,0,-1136.59,-2784.42,2989.51,
6719,0,-699.743,-2152.39,1323.07,
6720,0,-673.46,-2137.07,1308.14,
6721,0,-561.424,-2468.04,1399.44,
6722,0,-424.048,-2658.3,1467.22,
6723,0,559.851,-2617.8,4376.32,
6723,1,-653.119,-2214.13,1574.63,
6724,0,-490.513,-2436.58,1502.4,
6725,0,-458.515,-2165.79,1490.68,
6726,0,-402.876,-2476.28,1592.6,
6727,0,-421.901,-2110.55,1556.65,
6728,0,-404.127,-2172.2,1583.85,
6729,0,-329.138,-2174.67,1574.66,
6730,0,-353.734,-2131.94,1664.51,
6731,0,-208.611,-2215.44,1560.63,
6732,0,-215.394,-2571.07,1646.87,
6733,0,-206.783,-2614.63,1623.09,
6734,0,-147.545,-2360.9,1668.5,
6735,0,-80.7404,-2542.64,1683.98,
6736,0,-3.48196,-2546.53,1689.84,
6737,0,-59.6407,-2496.38,1737.24,
6738,0,2.28679,-2195.68,1845.77,
6739,0,-41.4614,-2331.75,1831.7,
6740,0,-44.674,-2616.85,1812.38,
6741,0,-19.9925,-2651.11,1806.26,
6742,0,149.408,-2335.7,1869.7,
6743,0,301.174,-2587.15,1818.51,
6744,0,152.383,-2562.34,1862.99,
6745,0,389.787,-2633.9,1816.98,
6746,0,263.076,-2681.89,1884.56,
6747,0,416.681,-2486.42,1846.51,
6748,0,381.44,-2665.3,1936.12,
6749,0,412.144,-2475.79,1936.32,
6750,0,477.559,-2549.93,1956.37,
6751,0,510.092,-2490.22,1949.1,
6752,0,1533.87,-2710.53,3504.58,
6752,1,517.266,-2497.55,1972.82,
6753,0,1442.57,-2683.83,3614.93,
6753,1,562.882,-2576.45,1936.65,
6754,0,1390.9,-2785.05,3477.8,
6754,1,651.256,-2453.94,1917.27,
6755,0,674.087,-2591.79,1954.67,
6756,0,698.1,-2476.32,1974.56,
6757,0,778.389,-2501.61,2019.43,
6758,0,1409.93,-2480,3531.62,
6758,1,800.401,-2395.22,2009.39,
6759,0,839.301,-2428.45,1973.44,
6760,0,850.236,-2495.48,2014.67,
6761,0,1097.76,-2377.53,3286.42,
6761,1,893.283,-2437.36,2055.85,
6762,0,1078.25,-2533.77,2083,
6763,0,1052.3,-2411.73,3475.16,
6763,1,1124.02,-2640.79,2082.77,
6764,0,1125.68,-2636.9,3449.87,
6764,1,1168.06,-2264.48,2157.72,
6765,0,972.508,-2475.64,3437.38,
6765,1,1134.38,-2619.67,2122.04,
6766,0,966.167,-2626.11,3314.19,
6766,1,1200.62,-2314.19,2194.25,
6767,0,991.056,-2427.35,3327.74,
6767,1,1188.2,-2298.41,2184.83,
6768,0,985.367,-2648.37,3280.49,
6768,1,1297.04,-2292.18,2204.92,
6769,0,989.883,-2536.87,3145.55,
6769,1,-832.84,-3135.4,4150.29,
6769,2,1289.15,-2367.05,2266.58,
6770,0,955.245,-2448.74,3135.52,
6770,1,1500.44,-2865.42,2330.57,
6771,0,-678.463,-2679.67,4006.82,
6771,1,-672.165,-3109.08,4344.68,
6771,2,1050.14,-2345.18,3124.91,
6771,3,1417.22,-2340.54,2292.34,
6772,0,953.812,-2564.13,3128.96,
6772,1,1396.27,-2794.5,2304.59,
6773,0,852.83,-2428.73,3162.53,
6773,1,-721.378,-3201.17,4200.69,
6774,0,794.305,-2491.28,3227.88,
6775,0,-655.588,-3285.96,4332.81,
6775,1,726.564,-2412.61,3526.74,
6775,2,1464.29,-2858.99,2311.26,
6776,0,-559.059,-3068.38,4017.13,
6776,1,754.18,-2517.86,3166.61,
6777,0,-333.804,-3561.49,4594.52,
6777,1,726.315,-2624.47,3231,
6777,2,-588.106,-3279.26,4310.57,
6778,0,-510.677,-2979.45,4014.57,
6778,1,703.24,-2407.42,3069.49,
6779,0,-453.381,-3302.28,4312.86,
6779,1,578.184,-2515.18,3472.78,
6780,0,-367.705,-3055.4,3971.76,
6780,1,624.085,-2553.36,2992.38,
6781,0,-291.354,-2969.33,4081.14,
6781,1,574.751,-2454.38,3166.5,
6782,0,540.153,-2442,3029.45,
6783,0,432.342,-2611.35,3257.71,
6783,1,489.599,-2671.49,3033.65,
6784,0,-277.439,-2960.31,4360.72,
6784,1,459.762,-2506.16,3104.11,
6785,0,-141.738,-2455.88,4006.12,
6785,1,-1369.83,-3453.61,4284.53,
6785,2,433.166,-2462.86,3053.8,
6786,0,-227.981,-2973.05,4427.59,
6786,1,310.501,-2616.46,3576.86,
6786,2,-1373.97,-3649.01,4531.65,
6786,3,438.748,-2670.92,3128.21,
6787,0,391.463,-2591.12,3031.06,
6788,0,391.176,-2554.41,3023.49,
6789,0,-1100.89,-2986.67,4174.75,
6789,1,307.719,-2501.66,2942.35,
6790,0,282.758,-2531.41,3051.36,
6791,0,97.3919,-2525.55,3241.2,
6791,1,237.099,-2634.45,3007.27,
6792,0,12.2329,-2958.79,4137.12,
6792,1,190.917,-2623.73,2978.1,
6793,0,129.888,-2575.06,2988.31,
6794,0,-767.835,-3537.15,4462.88,
6794,1,115.844,-2577.15,2997.03,
6795,0,-729.739,-3477.65,4426.96,
6795,1,-26.2718,-2599.89,3150,
6795,2,78.6686,-2544.11,2925.02,
6796,0,123.951,-2711.44,2934.49,
6797,0,338.834,-3021.03,4202.95,
6797,1,-954.625,-3475.34,4455.48,
6797,2,24.8462,-2598.44,2935.02,
6798,0,455.97,-3007.41,4693.24,
6798,1,327.378,-2954.17,4319.44,
6798,2,-851.905,-3401.86,4370.75,
6798,3,-17.7765,-2580.21,3103.1,
6799,0,503.754,-3043.83,4317.08,
6799,1,-764.697,-3667.67,4568.41,
6799,2,-19.7246,-2474.18,2920.63,
6800,0,428.263,-3265.27,4286.2,
6800,1,-65.0997,-2631.66,2953.38,
6801,0,-614.55,-2945.25,4639.92,
6801,1,436.36,-3404.09,4483.41,
6801,2,-98.3605,-2442.1,2861.87,
6802,0,452.973,-3023.24,4456.42,
6802,1,-564.71,-3334.49,4313.5,
6802,2,-104.495,-2491.73,2784.5,
6803,0,642.444,-2906.61,4608.81,
6803,1,-157.594,-2620.78,2893.34,
6804,0,655.259,-2892,4621.17,
6804,1,-111.804,-2428.06,2695.21,
6805,0,-180.139,-2599.3,2851.34,
6806,0,784.941,-3253.1,4757.65,
6806,1,-218.031,-2559.33,2756.58,
6807,0,-324.192,-2541.65,4096.91,
6807,1,936.849,-3257.33,4904.33,
6807,2,-274.194,-2508.99,2846.3,
6808,0,870.216,-3648.62,4655.96,
6808,1,-380.597,-2491.23,2820.93,
6809,0,-323.571,-2468.63,2738.2,
6810,0,795.084,-2968.41,4259.83,
6810,1,-257.347,-2631.39,2685.62,
6811,0,-395.699,-2648.84,2780.4,
6812,0,926.979,-3155.52,4591.48,
6812,1,-327.683,-2640.69,2635.48,
6813,0,-184.596,-3406.15,4719.38,
6813,1,-463.417,-2472.91,2721.56,
6814,0,-129.592,-3311,4642.42,
6814,1,936.972,-3152.78,4486.57,
6814,2,-474.454,-2644.79,2696.1,
6815,0,-109.696,-3430.38,4683.85,
6815,1,-482.745,-2548.33,2623.78,
6816,0,-488.707,-2692.77,2594.33,
6816,1,-458.188,-2586.46,2399.17,
6817,0,25.5249,-3569.65,4803.27,
6817,1,-817.006,-2599.27,2986.37,
6817,2,-526.766,-2821.3,2448.32,
6818,0,-635.79,-2738.47,2516.22,
6819,0,1316.55,-2842.81,4732.25,
6819,1,18.1441,-3273.57,4691.95,
6819,2,-690.695,-2747.42,2637.57,
6820,0,98.9051,-3271.44,4601.13,
6820,1,-679.759,-2640.89,2590.51,
6821,0,-1438.84,-2675.61,4186.13,
6821,1,-768.685,-2831.74,2674.82,
6822,0,-806.425,-2645.15,2709.87,
6823,0,309.783,-3663.07,4858.15,
6824,0,177.185,-3282.24,4630.87,
6825,0,-924.612,-2618.21,2700.27,
6826,0,1514.27,-3067.27,4880.83,
6826,1,538.632,-3816.82,5139.16,
6827,0,288.415,-3534.55,4830.71,
6827,1,-1132.23,-2494.69,2676.6,
6828,0,455.197,-3362.29,4711.88,
6829,0,473.18,-3617.91,4983.77,
6829,1,2126.72,-2841.3,3485.57,
6829,2,-904.935,-2455.17,2301.25,
6830,0,1945.88,-2626.69,3369.88,
6831,0,-1015.09,-2394.74,2575.31,
6832,0,2123.3,-2708.38,3411.05,
6833,0,651.543,-3482.79,4899.16,
6833,1,2034.46,-2670.49,3386.9,
6833,2,-1227.39,-2585.96,2493.91,
6834,0,2001.37,-2736.12,3271.94,
6835,0,1949.66,-2691.37,3380.73,
6837,0,751.385,-3211.17,5203.05,
6837,1,1892.25,-2773.18,3400.14,
6838,0,795.162,-3601.22,5157.98,
6838,1,1787.89,-2525.44,3294.34,
6839,0,1645.18,-2713.15,3649.43,
6839,1,1856.83,-2781.65,3420.23,
6840,0,1726.41,-2641.17,3364,
6841,0,-623.787,-2652.11,4486,
6841,1,916.076,-3456.1,5050.19,
6841,2,1782.23,-2720.91,3443.51,
6842,0,955.194,-3368.94,4986.03,
6842,1,1714.04,-2632.85,3357.31,
6843,0,1022.71,-3440.71,5077.55,
6843,1,1737.02,-2543.46,3297.21,
6844,0,1654.89,-2638.13,3311.65,
6845,0,-681.711,-3184.49,4549.97,
6845,1,1086.7,-3301.57,4933.11,
6846,0,1377.03,-3993.01,5880.02,
6846,1,1467.43,-2631.42,3675.97,
6847,0,-590.054,-2730.68,4227.73,
6847,1,1489.06,-2641.52,3687.43,
6847,2,1606.95,-2535.64,3236.81,
6847,3,1679.52,-2382.08,2514.35,
6848,0,-599.304,-3188.92,4423.05,
6848,1,1595.67,-2631.05,3447.4,
6848,2,1567.31,-2690.04,2769.27,
6849,0,1484,-2537.22,3374.51,
6849,1,1680.76,-2685.17,2559.62,
6850,0,1398.35,-3785.93,5743.93,
6850,1,1266.93,-2592.51,3773.25,
6850,2,1615.38,-2554.44,2386.02,
6851,0,-391.803,-2842.66,4701.74,
6851,1,1190.57,-2767.25,3922.47,
6851,2,1469.63,-2689.62,3222.15,
6851,3,1160.74,-3971.41,5340.27,
6851,4,1587.02,-2456.73,2313.39,
6852,0,1413.6,-2733.5,3246.12,
6852,1,1513.4,-2300.7,2356.82,
6853,0,1437.24,-2934.8,3247.46,
6853,1,1467.57,-2441.32,2254.72,
6854,0,1262.64,-2460.63,3370.1,
6854,1,1476.09,-2436.26,2262.65,
6855,0,1079.97,-2699.35,3955.25,
6855,1,1412.84,-2950.31,3208.75,
6855,2,1424.09,-2398.95,2224.65,
6856,0,1261.97,-2752.23,3358.55,
6856,1,1439.19,-2559.59,2218.05,
6856,2,1439.77,-2795.79,2092.88,
6857,0,950.855,-2619.46,3713.65,
6857,1,1270.7,-2653.8,3014.16,
6857,2,1375.83,-2186.67,2309.08,
6858,0,966.68,-2540.31,3597.12,
6858,1,1168.34,-2647.65,3175.38,
6858,2,1331.45,-2384.46,2093.11,
6859,0,-103.257,-2453.97,4666.08,
6859,1,970.526,-2551.18,3623.26,
6859,2,1200.05,-2654.7,3135.93,
6859,3,1303.5,-2649.56,2019.69,
6860,0,-119.132,-2760.86,4747.39,
6860,1,1113.75,-2566.88,3127.28,
6860,2,1265.49,-2503.57,2023.54,
6861,0,734.711,-2517.62,3617.74,
6861,1,1087.43,-2681.84,3117.01,
6861,2,1271.36,-2581.07,1930.33,
6862,0,853.419,-2472.22,3585.09,
6862,1,1085.82,-2667.07,3109.41,
6862,2,1218.96,-2626.6,1979.08,
6863,0,-8.52649,-2883.33,4871.15,
6863,1,889.19,-2526.15,3281.62,
6863,2,888.457,-2566.56,2995.11,
6863,3,1094.79,-2521.3,1960.62,
6864,0,750.381,-2566.7,3730.8,
6864,1,858.115,-2484.56,3041.72,
6864,2,1048.52,-2765.43,1960.96,
6865,0,55.6945,-2805.16,4976.76,
6865,1,821.429,-2255.03,3247.63,
6865,2,976.347,-2215.94,1934.45,
6866,0,731.961,-2538.49,3685.98,
6866,1,898.067,-2674.39,2984.42,
6866,2,881.045,-2480.29,1934.78,
6867,0,76.888,-3174.84,4755.26,
6867,1,778.396,-2561.71,3857.53,
6867,2,943.576,-2889.89,1971.23,
6868,0,293.203,-2823.53,5307.43,
6868,1,711.452,-2503.65,3285.14,
6868,2,752.3,-2494.27,1890.89,
6869,0,657.593,-2527.86,3564.5,
6869,1,759.045,-2638.99,2950.69,
6869,2,735.527,-2434.1,1903.37,
6870,0,617.436,-2821.56,3368.28,
6870,1,697.111,-2602.15,1848.65,
6871,0,539.742,-2689.69,3683.83,
6871,1,728.198,-2296.45,2076.46,
6872,0,762.512,-2623.46,2927.65,
6872,1,461.437,-2660,3033.02,
6872,2,758.93,-2405.25,1731.17,
6873,0,772.632,-2339.55,1873.23,
6873,1,556.071,-2698.17,3015.32,
6874,0,427.929,-2590.54,3842.47,
6874,1,566.076,-2566.51,2969.06,
6874,2,671.921,-2786.1,1741.41,
6875,0,377.005,-2564.81,3536.37,
6875,1,560.57,-2867.35,1687.59,
6876,0,346.89,-2483.86,3724.13,
6876,1,649.342,-2542.11,2948.65,
6876,2,442.325,-2793.04,1692.37,
6877,0,416.486,-2702.09,3318.4,
6877,1,539.129,-2761.19,3078.12,
6877,2,592.979,-2568.89,1697.72,
6878,0,326.077,-2472.12,3299.67,
6878,1,503.061,-2562.33,2975.54,
6878,2,396.681,-2273.61,1716.98,
6879,0,263.286,-2420.66,3424.05,
6879,1,363.207,-2595.69,1568.68,
6880,0,239.413,-2530.39,3223.79,
6880,1,404.309,-2547.77,2960.2,
6880,2,270.446,-2530.31,1651.64,
6881,0,157.089,-2469.88,3421.23,
6881,1,503.554,-2772.85,2817.32,
6881,2,206.172,-2714.77,1554.1,
6882,0,137.044,-2361.83,3376.59,
6882,1,460.048,-2644.09,2765.9,
6882,2,319.008,-2755.05,1638.23,
6883,0,107.95,-2414.62,3228.04,
6883,1,292.458,-2764.84,1622.52,
6884,0,220.829,-2283.48,2978.7,
6884,1,226.556,-2663.46,1595.5,
6885,0,41.6258,-2529.54,3280.72,
6885,1,206.794,-2708.76,2972.15,
6885,2,-7.92613,-2625.95,1519.95,
6886,0,16.0648,-2389.1,3066.9,
6886,1,1729.71,-2594.7,3346.18,
6886,2,127.005,-2565.33,1543.03,
6887,0,-89.2798,-2490.77,3383.52,
6887,1,84.4182,-2524.64,1427.76,
6888,0,1731.07,-2671.19,3657.28,
6888,1,-114.625,-2503.04,3571.86,
6888,2,1697.52,-2706.82,3446.42,
6888,3,159.66,-2763.55,2805.01,
6888,4,41.2638,-2426.01,1463.77,
6889,0,1671.31,-2689.76,3447.01,
6889,1,34.0654,-2544.29,2709.5,
6889,2,-107.046,-2294.22,2582.23,
6889,3,-24.2034,-2448.48,1386.9,
6890,0,147.678,-2663.86,2796.29,
6890,1,-157.047,-2424.42,1352.08,
6891,0,63.6699,-2712.47,2682.15,
6891,1,-156.463,-2465.76,1288.17,
6892,0,1516.25,-2501.13,3688.23,
6892,1,-193.053,-2429.64,3252.39,
6892,2,-101.445,-2698.05,2673.24,
6892,3,-206.427,-2461.11,1283.82,
6893,0,1481.51,-2461.2,3501.75,
6893,1,-156.228,-2492,3107.46,
6893,2,-213.728,-2331.84,1438.47,
6894,0,1443.58,-2564.69,3667.34,
6894,1,-246.245,-2497.08,3489.49,
6894,2,-131.598,-2556.56,2702.36,
6894,3,-312.929,-2393.41,1351.41,
6895,0,-305.433,-2406.78,3242.12,
6895,1,-102.469,-3000.46,2573.01,
6895,2,-336.591,-2355.8,1311.15,
6896,0,-206.256,-2309.95,2870.65,
6896,1,-500.324,-2286.23,1300.41,
6897,0,-371.867,-2359.11,3220.87,
6897,1,1304.85,-2755.96,3374.45,
6897,2,-483.888,-2187.62,1289.35,
6898,0,-255.49,-2529.99,2803.83,
6898,1,1304.13,-2624.44,3546.27,
6898,2,-479.281,-2294.1,1242.44,
6899,0,-260.857,-2840.08,2609.64,
6899,1,-520.78,-2182.32,1253.77,
6900,0,1173.27,-2433.85,3586.46,
6900,1,-309.166,-2764.23,2703.87,
6900,2,-593.741,-2159.8,1265.34,
6901,0,1214.3,-2484.93,3814.47,
6901,1,-289.263,-2645.44,2672.58,
6901,2,-654.873,-2237.75,1231.6,
6902,0,-575.268,-2765.43,3017.5,
6902,1,-289.681,-2545.38,2520.77,
6902,2,-677.182,-2160.96,1213.55,
6903,0,-448.079,-2396.62,2684.98,
6903,1,-742.465,-2199.36,1243.33,
6904,0,-493.369,-2593.44,2848.76,
6904,1,-657.227,-2386.83,1269.69,
6905,0,-724.446,-2802.52,3311.13,
6905,1,-517.637,-2705.24,2823.73,
6905,2,1590.43,-3314.26,4089.52,
6905,3,-815.532,-2127.24,1255.41,
6906,0,902.419,-2483.36,3535.39,
6906,1,-560.307,-2638.39,3057.41,
6906,2,-836.046,-2110.09,1218.63,
6907,0,858.746,-2572.13,3360.99,
6907,1,-577.609,-2423.92,3065.95,
6907,2,-531.989,-2772.88,2554.73,
6907,3,-679.712,-2522.42,2279.71,
6907,4,-817.661,-2113.5,1168.28,
6908,0,749.491,-2650.85,3901.72,
6908,1,-537.779,-2508.04,3109.52,
6908,2,-572.848,-2762.24,2497.97,
6908,3,-641.539,-2680.47,2365.45,
6908,4,-954.017,-2016.26,1177.28,
6909,0,1553.41,-2636.67,3886.77,
6909,1,684.086,-2482.63,3578.26,
6909,2,-577.073,-2373.04,3005.77,
6909,3,-670.539,-1822.71,1555.45,
6909,4,-968.154,-2154.74,1186.02,
6910,0,667.336,-2975.06,3729.74,
6910,1,557.75,-3121.47,4032.71,
6910,2,-604.576,-2441.56,3078.95,
6910,3,1623.91,-3534.75,4103.3,
6910,4,-674.784,-2618.13,2427.27,
6910,5,-996.345,-2146.14,1160.62,
6911,0,634.798,-2586.96,3729.93,
6911,1,-656.89,-2345.68,2834.87,
6911,2,-1002.03,-2320.67,1230.59,
6912,0,600.464,-2526.8,3656.76,
6912,1,-718.417,-2449.59,2880.07,
6912,2,-1009.91,-2181.83,1095.13,
6913,0,550.023,-2463.53,3656.48,
6913,1,-670.632,-2561.25,2584.39,
6913,2,-703.885,-2578.6,2329.39,
6913,3,-1062.8,-2250.28,1156.09,
6914,0,462.059,-2516.03,3712.72,
6914,1,-720.534,-2399.54,2944.55,
6914,2,-791.343,-2659.85,2329.89,
6914,3,-1086.87,-2348.27,1133.95,
6915,0,447.217,-2623.42,4081.29,
6915,1,-805.441,-2562.05,2929.44,
6915,2,-778.46,-2549.04,2315.02,
6916,0,437.097,-2619.22,3931.04,
6916,1,1496.57,-3649.15,3982.63,
6916,2,-876.936,-2484.98,2241.7,
6916,3,-1124.76,-2335.8,1109.74,
6917,0,333.028,-2674.5,3598.21,
6917,1,-899.651,-2495.73,2935.63,
6917,2,-845.715,-2539.65,2256.75,
6918,0,333.904,-2708.71,3779.56,
6918,1,-885.464,-2551.72,3060.58,
6918,2,-981.049,-2550.83,2207.64,
6919,0,340.06,-2560.89,3560.3,
6919,1,-1030.96,-2406.14,2894.48,
6919,2,-946.426,-2507.73,2222.87,
6920,0,273.211,-2734.9,3482.32,
6920,1,1103.35,-2761.33,3739.39,
6920,2,-958.815,-2651.26,2941.64,
6920,3,-988.186,-2476.34,2134.71,
6921,0,242.799,-2534.09,3473.81,
6921,1,1161.31,-3414.74,3965.25,
6921,2,-944.881,-2409.75,2815.38,
6921,3,-1033.41,-2721.88,2126.87,
6921,4,-1189.91,-2817.48,2149.65,
6922,0,1174.04,-2768.54,3979.87,
6922,1,152.773,-2565.96,3554.64,
6922,2,-1120.97,-2356.89,2794.02,
6922,3,-1044.65,-2655.28,2118.11,
6923,0,164.007,-2810.53,3566.54,
6923,1,-1000.37,-2365.95,2078.49,
6924,0,1188.62,-2638.26,3981.12,
6924,1,-1126.23,-2613.62,2951.04,
6924,2,-1094.01,-2683.02,2079.93,
6925,0,1073.18,-2867.83,3900.37,
6925,1,163.949,-2730.26,3353.95,
6925,2,-1163.29,-2408.93,2878.64,
6925,3,-1137.74,-2524.08,2023.3,
6926,0,25.8524,-2606.52,3495.47,
6926,1,1014.92,-3198.5,3954.79,
6926,2,-1128.23,-2696.3,2100.05,
6927,0,76.7809,-2703.9,3457.49,
6927,1,984.205,-3144.89,3818.15,
6927,2,-1172.15,-2362.75,2733.44,
6927,3,-1148.55,-2605.63,2043.3,
6928,0,954.562,-2923.98,3919.71,
6928,1,830.752,-3225.33,3516.52,
6928,2,-1239.02,-2713.32,1955.38,
6929,0,926.003,-2418.68,3999.54,
6929,1,-1361.39,-2661.52,2682,
6929,2,-1213.3,-2489.04,1910.59,
6930,0,957.22,-2594.59,4157.53,
6930,1,-187.221,-2490.57,3415.01,
6930,2,-1285.51,-2616.94,2067.75,
6931,0,900.569,-3124.66,3964.96,
6931,1,-192.574,-2730.03,3693.85,
6931,2,-1400.79,-2556.47,2814.14,
6931,3,-1313.03,-2575.31,1942.86,
6932,0,877.617,-2845.4,3903.12,
6932,1,-1539.27,-2780.23,2918.48,
6933,0,797.622,-2752.03,3987.13,
6933,1,-230.16,-2809.17,3318.45,
6933,2,-1396.24,-2377,1856.36,
6934,0,775.103,-2433.18,3792.6,
6934,1,-1436.46,-2394.45,2628.66,
6934,2,-1470.68,-2608.54,1901.22,
6935,0,760.206,-2737.25,3828.64,
6935,1,-366.986,-2571.38,3490.41,
6935,2,-1379.87,-2590.71,1795.65,
6936,0,732.053,-2675.08,3856.8,
6936,1,-442.851,-2708.04,3676.87,
6937,0,706.451,-2901.18,3855.3,
6937,1,-465.479,-3097.7,3938.59,
6938,0,683.523,-2657.06,3723.8,
6939,0,652.75,-3017.12,3980.9,
6940,0,606.117,-3099.57,3835,
6940,1,-649.228,-2487.08,3500.53,
6941,0,481.271,-2862.69,3802.43,
6941,1,511.4,-3270.73,4342.33,
6941,2,-684.414,-2892.43,3340.77,
6942,0,479.436,-2882.89,3930.45,
6943,0,506.548,-3045.03,3803.2,
6944,0,369.27,-3103.43,4067.44,
6944,1,-649.623,-2749.62,3563.99,
6945,0,408.828,-2561.38,3660.2,
6945,1,304.597,-3630.01,4294.26,
6946,0,343.355,-3004.73,3729.32,
6946,1,-781.018,-2646.71,3419.61,
6946,2,261.554,-3680.53,3995.99,
6947,0,391.739,-2993.29,3739.38,
6948,0,297.858,-2962.7,3694.86,
6949,0,245.435,-2745.66,3642.39,
6950,0,312.855,-3313.69,3993.15,
6950,1,239.218,-2768.91,3589.27,
6950,2,-911.533,-2564.24,3371.57,
6951,0,138.853,-2538.97,3519.91,
6952,0,156.226,-2674.44,3416.14,
6952,1,94.2887,-2873.49,3596.54,
6953,0,103.975,-2777.48,3669.3,
6954,0,80.9053,-2597.2,3921.14,
6954,1,104.544,-2972.23,3464.46,
6955,0,18.971,-2456.08,3492.11,
6956,0,-11.0567,-2885.36,3500.59,
6957,0,-69.0319,-3040.78,3459.5,
6957,1,-191.796,-2661.93,3936.79,
6958,0,-35.4969,-2749.06,3753.16,
6959,0,-87.5666,-3069.99,3534.44,
6959,1,-243.962,-3171.13,3228.48,
6960,0,-152.665,-2622.56,3629.01,
6960,1,163.976,-4566.71,4645.1,
6961,0,-228.574,-2683.72,3391.11,
6961,1,66.1537,-4299.4,4421.98,
6962,0,-179.549,-2533.48,3570.61,
6962,1,-384.127,-2928.37,3882.08,
6963,0,-279.526,-2820.27,3420.18,
6964,0,-310.797,-2581.25,3593.31,
6965,0,-343.701,-2756.67,3268.99,
6966,0,-421.02,-2545.08,3190.03,
6967,0,-409.95,-2753.66,3520.1,
6967,1,-414.06,-2730.91,3327.11,
6968,0,-503.423,-3222.65,3380.04,
6969,0,-588.541,-2454.71,3530.06,
6970,0,-491.045,-2839.33,3371.46,
6971,0,-558.485,-2833.5,3487.6,
6971,1,-519.019,-2973.52,3364.44,
6972,0,-585.723,-2439.9,3386.05,
6973,0,-527.674,-2645.25,3253.32,
6974,0,-656.304,-3091.53,3303.95,
6974,1,1638.88,-2439.61,2411.05,
6975,0,-685.998,-2864.48,3352.54,
6975,1,1603.26,-2401.67,2364.34,
6976,0,-801.319,-2728.46,3396.81,
6976,1,1612.18,-2498.96,2213.63,
6977,0,-700.345,-2591.9,3247.71,
6977,1,1548.48,-2588.72,2228.6,
6978,0,-731.624,-2453.38,3303.58,
6978,1,1507.72,-2371.29,2322.55,
6979,0,-762.808,-2134.16,3079.57,
6979,1,1522.52,-2690.27,2102.17,
6980,0,-734.787,-3000.43,3211.14,
6980,1,1470.48,-2467.18,2119.99,
6981,0,-821.188,-2761.11,3004.47,
6981,1,1434.35,-2635.28,2003.15,
6982,0,-1097.88,-2494.02,3406.25,
6982,1,1417.79,-2567.82,2050.94,
6983,0,-1119.84,-2484.47,3375.67,
6983,1,1410.93,-2582.38,1997.4,
6984,0,1417.51,-2657.05,1986.73,
6985,0,-1132.55,-2403.9,3142.55,
6985,1,1384.39,-2720.35,1907.46,
6986,0,-1151.89,-2396.24,3163.71,
6986,1,1391.83,-2575.31,1960.16,
6987,0,-1150.84,-2435.68,3093.35,
6987,1,1348.9,-2609.02,1939.94,
6988,0,1308.83,-2587.83,1926.4,
6989,0,1295.31,-2529.1,1877.37,
6990,0,-1287.2,-2812.38,3031.74,
6990,1,1175.66,-2648.81,1879.94,
6991,0,1177.17,-2552.97,1861.2,
6992,0,-1359.05,-2960.39,3041.98,
6992,1,1143.3,-2486.76,1947.63,
6993,0,1182.35,-2470.13,1841.5,
6994,0,1221.28,-2438.78,1890.27,
6995,0,1158.74,-2456,1873.68,
6996,0,1090.5,-2533.91,1838.86,
6997,0,1152.4,-2724.21,1828.01,
6998,0,957.505,-2696.06,1738.34,
6999,0,934.771,-2888.95,1700.99,
7000,0,907.549,-2561.11,1749.45,
7001,0,878.686,-2741.72,1727.92,
7002,0,895.487,-2732.99,1771.95,
7003,0,991.996,-2886.95,1715.51,
7004,0,861.323,-2820.91,1679.6,
7005,0,794.556,-2794.53,1633.58,
7006,0,713.731,-2626.69,1695.08,
7007,0,657.215,-2663.53,1721.19,
7008,0,648.885,-2368.55,1615.59,
7009,0,630.358,-2078.23,1726.99,
7010,0,-503.694,-3238.79,5010.76,
7010,1,670.794,-2719.52,1630.37,
7011,0,600.378,-2346.02,1668.75,
7012,0,512.694,-2570.36,1651.17,
7013,0,512.565,-2673.69,1562.31,
7014,0,507.51,-2745.97,1576.44,
7015,0,532.435,-2553.44,1582.15,
7016,0,503.996,-2704.14,1583.43,
7017,0,366.654,-2379.13,1511.69,
7018,0,361.224,-2042.85,1535.48,
7019,0,305.094,-2233.09,1493.78,
7020,0,269.107,-2149.17,1541.75,
7021,0,304.919,-2279.05,1465.63,
7022,0,-693.792,-3020.09,5195.88,
7022,1,336.024,-2536.06,1478.21,
7023,0,159.878,-2052.95,1499.23,
7024,0,177.808,-2060.47,1491.33,
7025,0,128.368,-2262.84,1446.02,
7026,0,109.992,-2182,1417.72,
7027,0,57.7927,-2258.57,1395.17,
7028,0,-802.71,-2610,3829.35,
7028,1,71.4716,-2296.03,1441.26,
7029,0,-849.328,-2774.53,4120.94,
7029,1,14.8229,-2306.83,1388.63,
7030,0,-816.247,-2735.6,4119.45,
7030,1,-54.6936,-2282.18,1343.13,
7031,0,-789.51,-2854.65,3705.9,
7031,1,-488.596,-2801.87,3585.94,
7031,2,-71.8612,-2419.61,1259.55,
7032,0,-125.758,-2152.64,1371.88,
7033,0,-560.678,-2811.92,3903.49,
7033,1,-202.669,-2154.72,1326.73,
7034,0,-518.89,-2749.95,3797.09,
7034,1,-155.705,-2315.09,1276.59,
7035,0,-410.856,-2618.49,3585.15,
7035,1,-238.374,-2127.52,1355.38,
7036,0,-409.23,-2942.41,4259.59,
7036,1,-431.556,-2788.21,3528.69,
7036,2,-277.195,-2154.38,1277.92,
7037,0,-447.019,-2773.43,3625.47,
7037,1,-434.186,-2768.68,3385.91,
7037,2,-288.506,-2213.1,1295.01,
7038,0,-301.11,-2313.09,3414.53,
7038,1,-385.069,-2800.91,3886.51,
7038,2,-357.244,-2090.99,1271.8,
7039,0,-339.608,-2613.85,3680.99,
7039,1,-389.263,-2103.24,1271.05,
7040,0,-545.242,-2898.01,3915.98,
7040,1,-454.692,-2170.07,1245.09,
7041,0,-282.298,-2786.48,3589.21,
7041,1,-504.015,-2085.27,1253.38,
7042,0,-410.091,-2212.04,1218.71,
7043,0,-129.935,-2737.88,3536.28,
7043,1,-444.644,-2150.91,1225.25,
7044,0,-106.051,-2804.17,3357.54,
7044,1,-510.871,-2207.63,1183.16,
7045,0,-225.885,-2686.12,3636.49,
7045,1,-162.856,-2708.91,3433.37,
7045,2,-571.681,-2080.47,1150.59,
7046,0,-180.296,-2660.95,3563.98,
7046,1,-526.317,-2180.23,1190.37,
7047,0,-299.884,-3047.23,4143.04,
7047,1,-533.48,-2278.43,1190.02,
7048,0,-19.1947,-2766.01,3742.37,
7048,1,-641.945,-2145.01,1118.3,
7049,0,-1399,-2686.9,4145.69,
7049,1,58.9167,-2806.09,3458.27,
7049,2,-664.567,-2192.98,1095.94,
7050,0,57.9833,-2769.45,3451.98,
7050,1,-606.122,-2158.58,1104.76,
7051,0,100.983,-2669.87,3470.44,
7051,1,-719.65,-2110.49,1078.38,
7052,0,-738.209,-2035.62,1066.21,
7053,0,150.701,-2693.33,3301.48,
7053,1,-830.393,-2089.33,1037.18,
7054,0,-728.367,-2234.36,1110.33,
7055,0,257.751,-2818.15,3614.57,
7055,1,-756.779,-2158.43,1065.73,
7056,0,284.485,-2662.49,3502.5,
7056,1,-858.383,-2031.09,1060.31,
7057,0,290.223,-2858.19,3338.9,
7057,1,-787.925,-2181.31,1057.77,
7058,0,-809.13,-2228.79,1076.91,
7059,0,382.876,-2660.3,3970.42,
7060,0,482.645,-2772.22,3991.06,
7060,1,-893.425,-2159.23,1009.53,
7062,0,576.935,-2945.32,3700.5,
7063,0,602.995,-2816.61,3696.52,
7066,0,771.115,-2895.96,4089.97,
7067,0,682.369,-2591.71,3958.8,
7068,0,750.757,-2864.43,3925.31,
7069,0,728.253,-2975.66,3940.28,
7071,0,964.842,-2850.49,4460.69,
7075,0,1025.56,-2731.11,3704.66,
7077,0,1226.57,-2701.91,3967.28,
7118,0,1690.11,-2419.84,2981.53,
7122,0,1667.24,-2546.31,2988.14,
7123,0,1638.62,-2559.23,2946.97,
7125,0,1729.29,-2765.04,3040.75,
7128,0,1665.88,-2793.59,3040.57,
7129,0,1559.9,-2493.23,2848.89,
7129,1,1566.77,-2484.11,2690.75,
7130,0,1562.27,-2429.6,2648.61,
7131,0,1424.85,-2775.61,2448.05,
7132,0,1394.44,-2581.29,2600.09,
7133,0,1374.61,-2486.53,2537.95,
7134,0,1374.32,-2331.58,2474.03,
7135,0,1391.67,-2426.8,2496.24,
7136,0,1302.59,-2497.03,2465.4,
7137,0,1269.84,-2571.09,2456.01,
7138,0,1228.06,-2560.89,2489.54,
7139,0,1247.2,-2694.81,2411.82,
7140,0,1159.26,-2473.58,2440.23,
7140,1,1449.26,-2642.51,2397.06,
7141,0,1083.97,-2460.33,2391,
7142,0,1068.39,-2532.37,2350.18,
7143,0,1040.39,-2391.04,2321.52,
7144,0,1036.2,-2517.99,2371.34,
7145,0,1031.25,-2520.82,2239.61,
7146,0,892.469,-2464.55,2211.06,
7147,0,898.943,-2646.86,2155.02,
7148,0,869.301,-2591.58,2138.6,
7149,0,946.228,-2304.35,2209.36,
7150,0,761.136,-2464.4,2129.27,
7151,0,829.55,-2355.43,2114.63,
7152,0,711.409,-2493.65,2125.4,
7153,0,795.815,-2448.98,2113.08,
7154,0,780.957,-2458.09,2045.6,
7155,0,674.02,-2483.89,2012.43,
7156,0,680.623,-2386.71,1980.59,
7157,0,614.062,-2542.74,1984,
7158,0,619.091,-2401.75,2002.3,
7159,0,577.568,-2423.99,1934.05,
7160,0,480.594,-2312.17,1919,
7161,0,364.534,-2461.76,1932.71,
7162,0,451.433,-2424.96,1910.51,
7163,0,431.001,-2375.51,1918.97,
7164,0,293.656,-2503.02,1837.76,
7164,1,482.029,-2426.55,2071.27,
7165,0,271.46,-2574.94,1853.21,
7166,0,272.822,-2482.8,1788.74,
7167,0,223.167,-2429.88,1761.94,
7168,0,-1463.22,-2698,2226.76,
7168,1,109.56,-2494.28,1786.71,
7169,0,-1301.18,-2263.19,2147.53,
7169,1,137.626,-2656.67,1735,
7170,0,114.566,-2579.37,1726.51,
7171,0,52.4047,-2690.13,1729.4,
7172,0,-1256.13,-2497.79,2241.49,
7172,1,14.9699,-2567.78,1660.2,
7173,0,-1286.53,-2100.18,2167.46,
7173,1,-52.7749,-2513.19,1737.32,
7174,0,-1205.2,-1861.36,2290.01,
7174,1,-141.883,-2391.05,1700.23,
7175,0,-1144.48,-2556.7,2226.57,
7175,1,-73.7371,-2231.19,1692.34,
7176,0,-1229.8,-2694.56,2199,
7176,1,-205.075,-2344.55,1676.39,
7176,2,131.427,-2361.01,1912.94,
7177,0,-1174.08,-2434,2200.88,
7177,1,-155.287,-2399.25,1666.86,
7178,0,-1214.52,-2571.42,2213.16,
7178,1,-240.131,-2340.13,1658.11,
7179,0,-1152.05,-2191.71,2261.41,
7179,1,-245.805,-2344.02,1588.67,
7180,0,-1100.81,-2287.03,2320.65,
7180,1,-276.683,-2379.73,1551.44,
7181,0,-1070,-2300.51,2314.72,
7181,1,-322.706,-2361.67,1502.91,
7182,0,-1038.05,-2357.15,2227.07,
7182,1,-301.173,-2310.27,1563.43,
7183,0,-1089.67,-2342.58,2483.2,
7183,1,-375.889,-2336.17,1468.91,
7184,0,-969.062,-2097.09,2413.67,
7184,1,-436.932,-2389.03,1530.9,
7185,0,-953.04,-2188.92,2386.94,
7185,1,-423.194,-2298.74,1502.83,
7186,0,-874.213,-2374.06,2397.06,
7186,1,-438.206,-2169.61,1489.29,
7187,0,-965.481,-2304.1,2547.82,
7187,1,-397.162,-2223.63,1505.09,
7188,0,-840.837,-2404.12,2480.63,
7188,1,-528.704,-2127.15,1386.76,
7189,0,-767.584,-2241.92,2496.26,
7189,1,-510.531,-2192.1,1401.86,
7190,0,-816.753,-2407.45,2493.85,
7190,1,-503.922,-2228.27,1390.68,
7191,0,-768.42,-2393.23,2533.45,
7191,1,-566.908,-2152.55,1402.05,
7192,0,-807.377,-2860.29,2603.31,
7192,1,-942.087,-3166.92,2902.27,
7192,2,-617.74,-2251.58,1416.87,
7193,0,-736.22,-2769.24,2565.73,
7193,1,-682.024,-2216.5,1478.58,
7194,0,-715.559,-2664.68,2573.61,
7194,1,-724.12,-2260.66,1302.68,
7195,0,-622.284,-2830.61,2508.34,
7195,1,-734.805,-2266.21,1278.57,
7196,0,-622.665,-2880.1,2508.88,
7196,1,-1578.63,-3575.4,3051.42,
7196,2,-767.059,-2237.93,1291.76,
7197,0,-632.722,-2791.52,2534.79,
7197,1,-792.85,-2263.28,1332.24,
7198,0,-586.92,-2737.44,2541.74,
7198,1,-884.262,-2223.72,1260.83,
7199,0,-567.027,-2978.08,2593.14,
7199,1,-898.034,-2188.33,1295.73,
7200,0,-575.828,-2842.97,2538.99,
7200,1,-876.477,-2298.36,1296.62,
7201,0,-520.847,-2714.25,2642.01,
7201,1,-963.644,-2305.68,1291.18,
7202,0,-375.296,-2662.13,2590.79,
7202,1,-1183.2,-2478.27,3330.32,
7202,2,-996.788,-2196.71,1306.42,
7203,0,-1199.72,-2754.4,3476.73,
7203,1,-374.981,-2615.92,2629.91,
7203,2,-899.695,-2225.29,1325.66,
7204,0,-1166.73,-2562.27,3387.65,
7204,1,-392.033,-2611.03,2642.8,
7204,2,-1023.38,-2207.77,1323.17,
7205,0,-1194.51,-2617.81,3561.27,
7205,1,-358.377,-2524.82,2695.55,
7205,2,-271.083,-2409.51,2521.79,
7205,3,-1035.77,-2279.33,1339.95,
7206,0,-1105.53,-2714.63,3477.66,
7206,1,-280.454,-2712.59,2615.73,
7206,2,-999.952,-2294.97,1272.39,
7207,0,-268.965,-2598.8,2748.63,
7207,1,-1070.68,-2675.61,3485.96,
7207,2,-998.916,-2426.46,1285.43,
7208,0,-1009.53,-2459.38,3441.18,
7208,1,-236.693,-2713.68,2725.12,
7208,2,-935.717,-2925.39,3794.75,
7208,3,-1108.16,-2248.2,1278.83,
7209,0,-197.181,-2699.44,2632.72,
7209,1,-1008.53,-2685.04,3436.16,
7210,0,-959.052,-2951.87,3741.99,
7210,1,-114.146,-2735.07,2783.88,
7211,0,-82.2711,-2735.18,2778.21,
7211,1,-932.243,-2533.76,3424.16,
7212,0,-964.262,-2675.11,3625.56,
7212,1,-52.9279,-2867.76,2810.71,
7213,0,-777.649,-2970.3,3593.91,
7213,1,-41.0709,-2548.12,2774.78,
7214,0,-829.24,-2587.52,3525,
7214,1,33.5092,-2557.28,2968.62,
7215,0,-715.007,-3282.76,4038.56,
7215,1,-728.27,-2644.03,3572.89,
7215,2,-34.2588,-2901.54,2748.21,
7216,0,-774.656,-2732.9,3721.36,
7216,1,-13.8403,-2642.85,2816.39,
7217,0,-724.99,-2620.98,3543.45,
7217,1,146.348,-2603.64,2880.93,
7218,0,131.987,-2914.25,2852.46,
7218,1,-727.016,-2655.24,3568.14,
7219,0,-579.46,-2530.07,3858.56,
7219,1,-651.698,-2654.13,3619.93,
7219,2,133.745,-2897.35,2847.8,
7220,0,-636.087,-2680.59,3662.65,
7220,1,132.971,-2585.86,2850.42,
7221,0,166.662,-2576.16,2843.21,
7221,1,-505.508,-2633.86,3561.07,
7222,0,245.928,-2745.67,3053.52,
7222,1,-540.734,-2797.83,3577.83,
7223,0,196.731,-2679.69,2965.94,
7223,1,-488.67,-2650.97,3605.39,
7224,0,-413.412,-2566.16,3658.57,
7224,1,280.32,-2563.47,2943.73,
7225,0,-371.173,-2840.27,3776.8,
7225,1,285.763,-2723.8,3024.75,
7226,0,-365.159,-2594.98,3668.17,
7226,1,372.169,-2506.21,2973.7,
7227,0,-302.421,-2648.55,3887.56,
7227,1,396.975,-2488.27,2994.51,
7228,0,-272.131,-2451.31,3690.28,
7228,1,406.981,-2647.53,2973.18,
7229,0,457.78,-2594.04,2921.34,
7229,1,-268.712,-2874.99,3750.87,
7230,0,-282.91,-2611.85,3810.84,
7230,1,475.332,-2655.09,3052.62,
7231,0,491.063,-2637.92,3028.95,
7231,1,-202.762,-2932.89,3885.41,
7232,0,-102.06,-2464.03,3647.86,
7232,1,545.239,-2636.3,3074.99,
7233,0,599.545,-2597.42,3050.37,
7233,1,-150.528,-3201.06,3688.16,
7234,0,586.413,-2609.38,3062.41,
7234,1,-61.9358,-2857.28,3721.66,
7234,2,-284.311,-2808.42,4055,
7235,0,590.382,-2536.33,2999.37,
7235,1,-24.6438,-2733.89,3560.25,
7236,0,-24.508,-2958.13,3784.79,
7236,1,653.773,-2756.79,3116.79,
7237,0,58.898,-2734.65,3699.84,
7237,1,704.466,-2814.93,3104.4,
7237,2,-1.48443,-2793.43,3959.22,
7237,3,713.362,-2753.89,2974.77,
7238,0,29.3658,-2838.46,3796.02,
7238,1,743.861,-2577.46,3019.37,
7239,0,778.861,-2577.02,3049.44,
7239,1,120.006,-2911.94,3808.56,
7240,0,175.183,-2796.19,3820.78,
7240,1,797.616,-2513.53,3139.72,
7240,2,-56.9966,-3403.01,4197.87,
7241,0,253.848,-2613.7,3792.06,
7241,1,816.219,-2452.98,3140.96,
7242,0,864.363,-2693.6,3069.41,
7242,1,342.51,-2975.33,3795.77,
7243,0,232.648,-2624.32,4033.54,
7243,1,865.558,-2475.67,3140.75,
7243,2,336.313,-2587.52,3856.25,
7244,0,313.2,-2868.07,3920.77,
7244,1,953.898,-2513.86,3082.2,
7245,0,376.437,-2894.51,4065.88,
7245,1,913.239,-2526.44,3154.33,
7245,2,376.09,-2840.12,3896.37,
7246,0,979.309,-2802.49,3108.98,
7246,1,416.173,-2932.08,4007.37,
7247,0,1047.49,-2521.71,3269.07,
7247,1,394.567,-2503.12,3685.19,
7247,2,573.654,-3154.85,4111.41,
7248,0,1042.51,-2700.31,3166.65,
7248,1,487.152,-2689.53,3991,
7249,0,1029.95,-2575.76,3114.88,
7249,1,567.985,-2844.34,4059.72,
7249,2,453.238,-2667.93,3832.09,
7249,3,427.019,-3252.82,4611.64,
7250,0,606.406,-2950.62,4633.89,
7250,1,1025.56,-2818.89,3034.41,
7250,2,545.251,-2547.78,3782.72,
7251,0,720.404,-3115.23,4292.67,
7251,1,1264.29,-2143.42,3485.2,
7251,2,662.69,-2560.19,3906.48,
7252,0,683.188,-2453.66,3803.63,
7252,1,1102.26,-2785.76,3091.51,
7253,0,715.897,-2581.87,3808.82,
7253,1,1132.4,-2837.75,3097.01,
7254,0,820.677,-3222.18,3972.06,
7254,1,1218.03,-2487.15,3343.78,
7255,0,1172.9,-2919.42,3429,
7255,1,882.474,-2879.33,3897.54,
7256,0,1360.99,-2789.47,3463.13,
7256,1,815.556,-2613.63,4017.91,
7257,0,937.037,-2894.35,4114.42,
7257,1,1318.97,-3055.28,3827.93,
7257,2,1338.11,-3087.26,3218.16,
7258,0,1073.82,-2759.34,4032.35,
7258,1,865.518,-2765.76,4020.06,
7258,2,1326.47,-2999.03,3269.53,
7259,0,1456.63,-2650.56,3406.9,
7259,1,1025.01,-3111.14,4177.56,
7260,0,1011.47,-2674.14,4043.82,
7261,0,1436.52,-2496.29,3634.48,
7261,1,1484.44,-2924.12,3297.76,
7262,0,1097.12,-2668.78,4064.06,
7262,1,1493.43,-2915.76,3332.67,
7263,0,1060.67,-2500.91,4072.95,
7263,1,1482.69,-2950.84,3293.83,
7264,0,1187.16,-2645.44,4078.79,
7264,1,1466.56,-2776.84,3637.85,
7265,0,1216.43,-2483.13,3838.48,
7267,0,1655,-2416.12,3995.55,
7267,1,1309.68,-2748.48,4116.14,
7267,2,1593.87,-2669.65,3404.51,
7268,0,1410.12,-2367.75,3861.29,
7268,1,1213.57,-2955.26,4362.74,
7268,2,1525.26,-3092.62,3384.06,
7269,0,1765.63,-2847.62,3277.59,
7269,1,1216.46,-2952.08,4517.49,
7270,0,1475.27,-2455.12,4194.52,
7270,1,1742.37,-3250.21,3679.95,
7272,0,1564.37,-2559.77,4143.67,
7272,1,1744.32,-3192.82,3451.98,
7273,0,1526.72,-2597.95,3970.88,
7276,0,1697.99,-2707.74,4195.28,
7281,0,1787.97,-2845.73,4502.34,
